Amazon store,Start date,End date,Parent ASIN,ASIN,FNSKU,MSKU,Currency code,Average sales price,Units sold,Units returned,Net units sold,Sales,Net sales,Base fulfilment fee per unit,Base fulfilment fee quantity,Base fulfilment fee total,FBA Weight Handling Fee per unit,FBA Weight Handling Fee quantity,FBA Weight Handling Fee total,FBA fulfilment fees per unit,FBA fulfilment fees quantity,FBA fulfilment fees total,FBA removal order fee per unit,FBA removal order fee quantity,FBA removal order fee total,FixedClosingFee per unit,FixedClosingFee quantity,FixedClosingFee total,Inbound transportation charge per unit,Inbound transportation charge quantity,Inbound transportation charge total,Referral fee per unit,Referral fee quantity,Referral fee total,RefundCommissionFee per unit,RefundCommissionFee quantity,RefundCommissionFee total,Sponsored Products charge per unit,Sponsored Products charge quantity,Sponsored Products charge total,Cost of goods sold per unit,Miscellaneous cost per unit,Net proceeds total,Net proceeds per unit
IN,03/25/2024,09/24/2024,B0BY4N8VBM,B0BY4N8VBM,,Arm_B_L/XL,INR,799,116,21,95,56625.4497,46363.1497,77,,,,,,,,,,,,30,112,1292.1,19.25,,,119.85,112,6567.61,82.6,18,1486.8,8.96,1337,11975.47,240,,25041.1697,221.34
IN,03/25/2024,09/24/2024,B0B8Z31FG6,B0B8Z31FG6,,GB-AL-ME-L/XL_FBA,INR,506.32,114,13,101,57719.9596,51307.8596,16.52,20,330.4,58.69,20,1173.76,16.52,20,330.4,,,,11.55,114,1316.88,1.83,20,36.6726,68.16,114,7769.91,82.6,12,991.2,19.79,514,10173.65,,,29515.387,292.23
IN,03/25/2024,09/24/2024,B0BY4R9CPR,B0BY4R9CPR,,Arm_B_S/SM,INR,500.58,97,15,82,48555.79,41178.19,16.52,56,925.12,64.43,56,3608.12,16.52,56,925.12,,,,13.35,99,1321.6,1.33,83,110.2494,63.96,97,6203.8,82.6,15,1239,9.75,1922,18741,,,9029.3006,110.11
IN,03/25/2024,09/24/2024,B0B8Z31FG6,B0B8Z31FG6,,BAL GAL L/XL FBA,INR,498.94,85,8,77,42410.1799,38484.0899,16.52,11,181.72,60.18,11,661.98,16.52,11,181.72,,,,11.55,84,969.96,1.83,20,36.6726,64.5,84,5418.22,82.6,5,413,24.69,366,9035.12,,,21767.4173,282.69
IN,03/25/2024,09/24/2024,B0BY4QV6CH,B0BY4QV6CH,,Arm_G_S/SM,INR,486.99,72,12,60,35063,29125.95,16.52,32,528.64,61.05,32,1953.58,16.52,32,528.64,,,,12.73,77,980.58,4.28,25,107.111,60.99,72,4391.12,82.6,12,991.2,6.37,2872,18293.63,,,1880.089,31.33
IN,03/25/2024,09/24/2024,B0BY4R9CPR,B0BY4R9CPR,,BAS_S/M_FBA,INR,520.13,66,17,49,34328.8997,26082.0097,,,,,,,,,,,,,11,66,725.7,,,,57.4,66,3788.55,82.6,9,743.4,9.24,613,5665.78,,,15158.5797,309.36
IN,03/25/2024,09/24/2024,B0BJPY1427,B0BJPY1427,,Black -Armsleeve,INR,488.47,57,13,44,27843,21410.95,,,,,,,,,,,,,10.74,57,612.42,,,,72.81,57,4150.15,82.6,9,743.4,7.1,1384,9828.49,,,6076.49,138.1
IN,03/25/2024,09/24/2024,B0BY4Q79NV,B0BY4Q79NV,,Arm_G_L/XL,INR,479.45,55,13,42,26369.5,19943.96,16.52,6,99.12,66.08,6,396.48,16.52,6,99.12,,,,11.15,53,591.18,2.48,20,49.5679,61.09,53,3237.59,82.6,4,330.4,7.36,2797,20579.75,,,-5340.1279,-127.15
IN,03/25/2024,09/24/2024,B0BY4RY4JS,B0BY4RY4JS,,calf_G_L/XL,INR,537.85,48,11,37,25817,19529,,,,,,,,,,,,,16.95,47,796.5,,,,84.21,47,3957.71,95.71,9,861.4,21.74,248,5390.44,,,8522.95,230.35
IN,03/25/2024,09/24/2024,B0BY4WQL6B,B0BY4WQL6B,,calf_G_S/M,INR,507.56,45,6,39,22840,19871.9,,,,,,,,,,,,,11.72,45,527.46,,,,65.36,45,2941.31,82.6,5,413,17.7,587,10390.67,,,5599.46,143.58
IN,03/25/2024,09/24/2024,B0BY4Q2869,B0BY4Q2869,,Arm_T_L/XL,INR,486.39,44,10,34,21401,16462.9,,,,,,,,,,,,,12.6,43,541.62,,,,69.1,43,2971.49,82.6,5,413,5.81,1346,7823.93,,,4712.86,138.61
IN,03/25/2024,09/24/2024,B0C65YFTTL,B0C65YFTTL,,BG-AS-S/M,INR,815.12,44,7,37,35865.2006,30606.9506,,,,,,,,,,,,,38.73,44,1703.92,,,,169.86,44,7473.7,112.1,6,672.6,9.07,762,6911.36,,,13845.3706,374.2
IN,03/25/2024,09/24/2024,B09JSDSL58,B09JSDSL58,,BAL TAL S/M FBA,INR,516.77,41,4,37,21187.52,19192.52,,,,,,,,,,,,,10.79,41,442.5,,,,73.87,41,3028.71,82.6,4,330.4,22.1,39,861.94,,,14528.97,392.67
IN,03/25/2024,09/24/2024,B0C6DHZ5QW,B0C6DHZ5QW,,GG-AS-S/M,INR,782.05,41,11,30,32063.96,23526.96,16.52,13,214.76,71.62,13,931.02,16.52,13,214.76,,,,33.53,41,1374.7,1.56,10,15.6241,162.96,41,6681.26,112.1,6,672.6,8.42,1931,16259.26,,,-2622.2641,-87.41
IN,03/25/2024,09/24/2024,B0BY4N8VBM,B0BY4N8VBM,,BAS_L/XL_FBA,INR,477.78,39,13,26,18633.23,12371.62,16.52,1,16.52,74.34,1,74.34,16.52,1,16.52,11.8,1,11.8,10.72,37,396.48,,,,62.8,37,2323.56,82.6,7,578.2,7.27,54,392.82,,,8577.9,329.92
IN,03/25/2024,09/24/2024,B0BJPXHLR9,B0BJPXHLR9,,Grey -Armsleeve,INR,497.72,39,9,30,19411,14926,16.52,13,214.76,68.62,13,892.08,16.52,13,214.76,11.8,2,23.6,12.71,39,495.6,2.36,10,23.5644,66.02,39,2574.7,82.6,9,743.4,7.12,1122,7985.55,,,1972.7456,65.76
IN,03/25/2024,09/24/2024,B0BJQ24TCJ,B0BJQ24TCJ,,Tealblue -Armsleeve,INR,483.56,36,6,30,17408,14567.9,,,,,,,,,,,,,11.63,35,407.1,,,,61.13,35,2139.39,82.6,3,247.8,8.49,1242,10545.08,,,1228.53,40.95
IN,03/25/2024,09/24/2024,B0C663ZJLF,B0C663ZJLF,,BG-AS-L/XL,INR,789.29,35,8,27,27625.2801,21393.2801,16.52,7,115.64,74.34,7,520.38,16.52,7,115.64,11.8,1,11.8,34.22,35,1197.7,1.56,10,15.6241,169.9,35,5946.54,112.1,5,560.5,8.49,830,7044.67,,,5980.426,221.5
IN,03/25/2024,09/24/2024,B0BY4V1VLX,B0BY4V1VLX,,BCS_S/M_FBA,INR,504.85,34,5,29,17165,14470,16.49,34,560.5,68.96,34,2344.66,16.49,34,560.5,11.8,23,271.4,14.62,33,482.62,1.86,15,27.9205,65.56,34,2229.1,89.97,4,359.9,13.51,113,1526.22,,,6667.6795,229.92
IN,03/25/2024,09/24/2024,B0BY4N8VBM,B0BY4N8VBM,,Arm_B_L/XL FBA,INR,508.37,32,7,25,16268,12775,16.52,32,528.64,64.72,32,2070.92,16.52,32,528.64,,,,14.61,34,496.78,1.09,25,27.1994,58.79,32,1881.38,82.6,1,82.6,9.86,269,2652.45,,,5035.0306,201.4
IN,03/25/2024,09/24/2024,B0C6DN9LNH,B0C6DN9LNH,,BB-AS-L/XL,INR,763.7,31,10,21,23674.71,15925.61,,,,,,,,,,,,,35.4,30,1062,,,,162.86,30,4885.72,112.1,9,1008.9,9.13,586,5348.26,,,3620.73,172.42
IN,03/25/2024,09/24/2024,B0BY4TVS1G,B0BY4TVS1G,,BS_L/XL_FBA,INR,501.22,31,12,19,15537.9,9150.9,16.35,27,441.32,61.59,27,1663.04,16.35,27,441.32,11.8,2,23.6,15.68,31,486.16,1.88,15,28.1979,63.8,29,1850.13,85.55,10,855.5,13.8,138,1904.41,,,1898.5421,99.92
IN,03/25/2024,09/24/2024,B09LHM8YNY,B09LHM8YNY,,BAL GAL S/M FBA,INR,496.34,27,6,21,13401.19,10467.09,16.52,11,181.72,59.11,11,650.18,16.52,11,181.72,,,,12.32,27,332.76,1.81,20,36.2644,72.79,27,1965.28,82.6,3,247.8,14.8,68,1006.71,,,6046.3756,287.92
IN,03/25/2024,09/24/2024,B0BKQ1RR9M,B0BKQ1RR9M,,Crew Length_Black_L/XL,INR,392.33,27,6,21,10593,8313.95,,,,,,,,,,,,,10.75,27,290.28,,,,58.97,27,1592.21,82.6,3,247.8,9.81,23,225.58,,,5958.08,283.72
IN,03/25/2024,09/24/2024,B09LHM8YNY,B09LHM8YNY,,GB-AL-ME,INR,489.65,27,3,24,13220.64,11727.64,16.52,11,181.72,58.89,11,647.82,16.52,11,181.72,,,,12.12,26,315.06,1.81,10,18.1322,73.74,26,1917.31,82.6,1,82.6,17.46,98,1710.78,,,6854.2178,285.59
IN,03/25/2024,09/24/2024,B0C6DHV34Y,B0C6DHV34Y,,GG-AS-L/XL,INR,691.51,26,6,20,17979.1902,13687.2902,,,,,,,,,,,,,35.4,24,849.6,,,,152.74,24,3665.67,112.1,4,448.4,7.99,462,3693.61,,,5030.0102,251.5
IN,03/25/2024,09/24/2024,B0C6622KD6,B0C6622KD6,,TG-AS-L/XL,INR,797.18,26,6,20,20726.7401,16067.7401,,,,,,,,,,,,,35.4,26,920.4,,,,163.22,26,4243.63,112.1,4,448.4,9.31,607,5653.7,,,4801.6101,240.08
IN,03/25/2024,09/24/2024,B0C6DJ1C2H,B0C6DJ1C2H,,BB-AS-S/M,INR,797.02,25,8,17,19925.5703,13732.5203,,,,,,,,,,,,,35.4,25,885,,,,160,25,3999.88,112.1,6,672.6,8.53,620,5285.84,,,2889.2003,169.95
IN,03/25/2024,09/24/2024,B0BY4Q79NV,B0BY4Q79NV,,GAS_L/XL,INR,478.08,25,6,19,11952,8988.9,,,,,,,,,,,,,10.62,24,254.88,,,,45.7,24,1096.83,82.6,5,413,7.86,95,746.69,,,6477.5,340.92
IN,03/25/2024,09/24/2024,B09JSFYQ2Y,B09JSFYQ2Y,,TG-AL-ME,INR,511.63,25,6,19,12790.66,9821.66,,,,,,,,,,,,,11.04,25,276.12,,,,76.45,25,1911.18,82.6,5,413,12.41,50,620.26,,,6601.1,347.43
IN,03/25/2024,09/24/2024,B09CDH8LPW,B09CDH8LPW,,GKL-ME,INR,805.18,24,12,12,19324.3299,9992.3399,,,,,,,,,,,,,35.4,24,849.6,,,,167.63,24,4023.01,112.1,10,1121,14.8,319,4722.23,,,-723.5001,-60.29
IN,03/25/2024,09/24/2024,B09JSDSL58,B09JSDSL58,,BT-AL-ME,INR,492.48,23,5,18,11327,8847,16.52,5,82.6,64.43,5,322.14,16.52,5,82.6,,,,11.7,23,269.04,1.85,5,9.2544,74.72,23,1718.63,82.6,2,165.2,16.78,116,1946.31,,,4333.8256,240.77
IN,03/25/2024,09/24/2024,B0BY4RWPG7,B0BY4RWPG7,,calf_T_S/M,INR,527.57,21,11,10,11079,5214.95,,,,,,,,,,,,,14.16,21,297.36,,,,74.28,21,1559.95,86.81,7,607.7,15.14,519,7858.74,,,-5108.8,-510.88
IN,03/25/2024,09/24/2024,B09JSFYQ2Y,B09JSFYQ2Y,,GAL TAL S/M FBA,INR,507.78,21,4,17,10663.4,8667.4,16.52,2,33.04,74.34,2,148.68,16.52,2,33.04,,,,11.8,21,247.8,1.83,5,9.1682,77.7,21,1631.76,82.6,4,330.4,15.05,52,782.5,,,5484.0518,322.59
IN,03/25/2024,09/24/2024,B0BJPS5L8F,B0BJPS5L8F,,Grey -Calfsleeve,INR,485.3,20,8,12,9706,5604.95,,,,,,,,,,,,,13.23,19,251.34,,,,62.64,19,1190.25,82.6,3,247.8,13.55,272,3686.09,,,229.47,19.12
IN,03/25/2024,09/24/2024,B0B1MWGM5Q,B0B1MWGM5Q,,Knee Sock_Black_S/M_NC - FBA,INR,801.11,18,6,12,14420.05,9626.05,16.38,17,278.48,54.07,17,919.24,16.38,17,278.48,11.8,1,11.8,29.79,20,595.9,,,,175.59,18,3160.63,112.1,4,448.4,23.35,114,2662.01,,,1549.59,129.13
IN,03/25/2024,09/24/2024,B0B8Z31FG6,B0B8Z31FG6,,BAL GAL L/XL,INR,486.23,17,1,16,8265.92,7793.93,,,,,,,,,,,,,10.62,17,180.54,,,,56.97,17,968.42,82.6,1,82.6,,,,,,6562.37,410.15
IN,03/25/2024,09/24/2024,B0BY4TVS1G,B0BY4TVS1G,,calf_B_L/XL,INR,499,17,6,11,8483,5564.9,,,,,,,,,,,,,10.62,17,180.54,,,,60.93,17,1035.83,82.6,3,247.8,15.44,111,1714.27,,,2386.46,216.95
IN,03/25/2024,09/24/2024,B09CDQYGGM,B09CDQYGGM,,GAL-ME_new,INR,406.11,17,0,17,6903.88,6903.88,16.52,5,82.6,67.26,5,336.3,16.52,5,82.6,,,,12.29,17,208.86,1.78,15,26.717,61.11,17,1038.86,,,,22.52,222,4999.06,,,211.483,12.44
IN,03/25/2024,09/24/2024,B0C85HNBWH,B0C85HNBWH,,GB-AL,INR,502.86,17,1,16,8548.68,8094.59,,,,,,,,,,,,,12.08,17,205.32,,,,74.69,17,1269.71,,,,21.19,84,1779.91,,,4839.65,302.48
IN,03/25/2024,09/24/2024,B0D56R1VYX,B0B8YX88KX,,BT-AL-ME-L/XL,INR,481.63,16,3,13,7706.16,6209.16,,,,,,,,,,,,,11.56,15,173.46,,,,77.93,15,1168.88,,,,23.86,61,1455.71,,,3411.11,262.39
IN,03/25/2024,09/24/2024,B0BY4S6Y8V,B0BY4S6Y8V,,calf_T_L/XL,INR,522.44,16,1,15,8359,7860,,,,,,,,,,,,,13.72,16,219.48,,,,70.55,16,1128.88,82.6,1,82.6,10.15,151,1532.72,,,4896.32,326.42
IN,03/25/2024,09/24/2024,B0CNT8J27Z,B0CNT2WXQS,,TEC S M,INR,313.44,16,5,11,5015,3465,,,,,,,,,,,,,11.5,16,184.08,,,,40.9,16,654.33,82.6,3,247.8,24.32,146,3550.57,,,-1171.78,-106.53
IN,03/25/2024,09/24/2024,B0BY4QV6CH,B0BY4QV6CH,,Arm_G_S/SM FBA,INR,499.43,15,3,12,7491.5,5993,16.52,7,115.64,69.62,7,487.34,16.52,7,115.64,,,,12.27,15,184.08,0.79,20,15.8943,51.8,15,776.98,82.6,3,247.8,8.34,804,6704.06,,,-2538.7943,-211.57
IN,03/25/2024,09/24/2024,B0C65ZB9VB,B0C65ZB9VB,,BT-AS-L/XL,INR,789.04,15,3,12,11835.56,9561.26,,,,,,,,,,,,,35.4,14,495.6,,,,162.63,14,2276.83,112.1,1,112.1,10,444,4439.17,,,2237.56,186.46
IN,03/25/2024,09/24/2024,B0C6DHZ5QW,B0C6DHZ5QW,,GG-AS-S/M FBA,INR,779,15,5,10,11685,7790,,,,,,,,,,,,,35.4,15,531,,,,158.39,15,2375.87,112.1,5,560.5,8.97,147,1318.8,,,3003.83,300.38
IN,03/25/2024,09/24/2024,B0C663FCYY,B0C663FCYY,,TG-AS-S/M,INR,781.57,15,3,12,11723.61,9386.61,,,,,,,,,,,,,35.4,15,531,,,,156.24,15,2343.6,112.1,2,224.2,9.65,397,3829.88,,,2457.93,204.83
IN,03/25/2024,09/24/2024,B0BY4QV6CH,B0BY4QV6CH,,GAS_S/M FBA,INR,571.83,14,1,13,8005.64,7506.64,,,,,,,,,,,,,10.62,14,148.68,,,,57.7,14,807.78,82.6,2,165.2,8.13,249,2024.59,,,4360.39,335.41
IN,03/25/2024,09/24/2024,B0C6DMD74B,B0C6DMD74B,,TT-AS-L/XL,INR,791.43,14,2,12,11079.9501,9560.9001,,,,,,,,,,,,,35.4,14,495.6,,,,161.46,14,2260.49,112.1,1,112.1,8.83,622,5493.59,,,1199.1201,99.93
IN,03/25/2024,09/24/2024,B0D92165QK,B0CNVT19T9,,TKC Single M,INR,349,13,4,9,4537,3141,,,,,,,,,,,,,11.71,13,152.22,,,,45.82,13,595.71,82.6,2,165.2,19.04,46,875.66,,,1352.21,150.25
IN,03/25/2024,09/24/2024,B09CDL826Y,B09CDL826Y,,BAL S/M FBA,INR,399,12,1,11,4788,4389,15.88,11,174.64,59.75,11,657.28,15.88,11,174.64,,,,13.91,14,194.7,1.86,20,37.2404,56.25,12,674.96,82.6,1,82.6,,,,,,2567.5796,233.42
IN,03/25/2024,09/24/2024,B0BY4V1VLX,B0BY4V1VLX,,BCS_S/M,INR,449,12,0,12,5388,5388,,,,,,,,,,,,,10.62,12,127.44,,,,52.19,12,626.29,82.6,1,82.6,12.73,13,165.48,,,4386.19,365.52
IN,03/25/2024,09/24/2024,B09CDN87WM,B09CDN87WM,,G-KL-ME,INR,827.68,12,2,10,9932.1901,8334.1901,,,,,,,,,,,,,35.4,12,424.8,,,,171.63,12,2059.6,112.1,4,448.4,18.35,185,3394.98,,,2006.4101,200.64
IN,03/25/2024,09/24/2024,B0D92165QK,B0D2KYP6PD,,TKC Single L,INR,349,12,3,9,4188,3141,,,,,,,,,,,,,10.62,12,127.44,,,,46.4,12,556.76,82.6,3,247.8,28.15,80,2251.8,,,-42.8,-4.76
IN,03/25/2024,09/24/2024,B09ZB828Z9,B0C85QDMWP,,Anke Sock_Grey_L/XL,INR,403.26,11,0,11,4435.83,4435.83,16.52,1,16.52,74.34,1,74.34,16.52,1,16.52,,,,11.59,11,127.44,0.65,10,6.5032,60.36,11,663.96,,,,16.78,110,1845.4,,,1701.6668,154.7
IN,03/25/2024,09/24/2024,B0B8Z31FG6,B0B8Z31FG6,,GB-AL-L/XL_FBA,INR,497.99,11,1,10,5477.89,4979.9,16.52,11,181.72,60.83,11,669.1,16.52,11,181.72,,,,14.16,15,212.4,1.06,25,26.5172,40.08,11,440.84,82.6,1,82.6,29.48,181,5335.06,,,-1968.3372,-196.83
IN,03/25/2024,09/24/2024,B0B1MWGM5Q,B0B1MWGM5Q,,Knee Sock_Black_S/M_NC,INR,798.55,11,4,7,8784,5589,16.52,5,82.6,69.38,5,346.92,16.52,5,82.6,11.8,1,11.8,32.72,11,359.9,1.98,15,29.7184,175.56,11,1931.11,112.1,4,448.4,18.13,127,2302.45,,,76.1016,10.87
IN,03/25/2024,09/24/2024,B0BJPQ9VM1,B0BJPQ9VM1,,Tealblue -Calfsleeve,INR,496.73,11,1,10,5464,4965,,,,,,,,,,,,,10.62,11,116.82,,,,74.06,11,814.61,82.6,1,82.6,18.57,263,4883.83,,,-932.86,-93.29
IN,03/25/2024,09/24/2024,B0D92165QK,B0CNVT6Y1F,,TKC Single XL,INR,317.27,11,4,7,3490,2136.45,,,,,,,,,,,,,10.62,10,106.2,,,,45.37,10,453.66,82.6,4,330.4,19.3,34,656.13,,,590.06,84.29
IN,03/25/2024,09/24/2024,B09ZB828Z9,B0C85SVPVD,,Anke Sock_Black_S/M,INR,400.54,10,1,9,4005.36,3646.36,,,,,,,,,,,,,11.33,10,113.28,,,,59.57,10,595.68,,,,19,71,1348.72,,,1588.68,176.52
IN,03/25/2024,09/24/2024,B0CNT8J27Z,B0CNT2WTVX,,TEC S XL,INR,315,10,4,6,3150,1890,,,,,,,,,,,,,10.62,10,106.2,,,,40.11,10,401.12,82.6,4,330.4,24.54,163,4000.04,,,-2947.76,-491.29
IN,03/25/2024,09/24/2024,B09CDJGG25,B09CDJGG25,,BKL,INR,790.11,9,0,9,7111,7111,,,,,,,,,,,,,35.4,9,318.6,,,,167.19,9,1504.73,,,,16.19,95,1537.6,,,3750.07,416.67
IN,03/25/2024,09/24/2024,B0C85LN2YM,B0C85LN2YM,,GAL,INR,414.41,9,1,8,3729.68,3330.68,,,,,,,,,,,,,11.01,9,99.12,,,,59.87,9,538.85,,,,16.44,41,674.2,,,2018.51,252.31
IN,03/25/2024,09/24/2024,B09CDQYGGM,B09CDQYGGM,,GAL L/XL FBA,INR,408.21,9,2,7,3673.9,2875.9,,,,,,,,,,,,,11.41,9,102.66,1.03,15,15.4548,60.79,9,547.15,82.6,1,82.6,15.54,12,186.5,,,1941.5352,277.36
IN,03/25/2024,09/24/2024,B0BJPRNL9S,B0BJPRNL9S,,Black -Calfsleeve,INR,436.62,8,0,8,3493,3493,,,,,,,,,,,,,10.62,7,74.34,,,,63.66,7,445.59,,,,11.13,93,1035.12,,,1937.95,242.24
IN,03/25/2024,09/24/2024,B0C85Q1HH3,B0C85Q1HH3,,GB-AL-M,INR,509.45,8,2,6,4075.62,3092.62,,,,,,,,,,,,,11.06,8,88.5,,,,74.86,8,598.89,,,,13.83,49,677.48,,,1727.75,287.96
IN,03/25/2024,09/24/2024,B09CDSL3T7,B09CDSL3T7,,TAL-ME,INR,375.04,8,2,6,3000.32,2202.32,,,,,,,,,,,,,10.62,8,84.96,,,,52.88,8,423.04,82.6,1,82.6,13.28,21,278.83,,,1332.89,222.15
IN,03/25/2024,09/24/2024,B0C663ZJLF,B0C663ZJLF,,BG-AS-L/XL FBA,INR,779,7,1,6,5453,4712.95,,,,,,,,,,,,,35.4,7,247.8,,,,170.82,7,1195.77,,,,10.54,12,126.43,,,3142.95,523.82
IN,03/25/2024,09/24/2024,B0BY4V1VLX,B0BY4V1VLX,,calf_B_S/M,INR,456.29,7,1,6,3194,2495,,,,,,,,,,,,,14.75,6,88.5,1.08,15,16.1509,78.33,6,469.99,112.1,1,112.1,14.8,29,429.17,,,1379.0891,229.85
IN,03/25/2024,09/24/2024,B0BK2JVQ27,B0BK2JVQ27,,Crew Length_Black_S/M,INR,399,7,1,6,2793,2394,,,,,,,,,,,,,10.62,7,74.34,,,,59.5,7,416.51,82.6,1,82.6,20.94,63,1319.23,,,501.32,83.55
IN,03/25/2024,09/24/2024,B0BJPXHLR9,B0BJPXHLR9,,Grey -Armsleeve FBA,INR,499,7,1,6,3493,3018.95,,,,,,,,,,,,,10.62,7,74.34,,,,51.09,7,357.62,,,,4.19,3,12.56,,,2574.43,429.07
IN,03/25/2024,09/24/2024,B0C85LBSW2,B0C85LBSW2,,Anke Sock_Black_S/M_PO3,INR,940.44,6,0,6,5642.66,5642.66,,,,,,,,,,,,,35.4,6,212.4,,,,198.35,6,1190.09,,,,18.76,64,1200.69,,,3039.48,506.58
IN,03/25/2024,09/24/2024,B09CDL826Y,B09CDL826Y,,BAL S/M,INR,332.5,6,0,6,1995,1995,,,,,,,,,,,,,10.62,5,53.1,,,,34.33,5,171.65,,,,9.42,2,18.84,,,1751.41,291.9
IN,03/25/2024,09/24/2024,B0C65Z5BMZ,B0C65Z5BMZ,,BT-AS-S/M,INR,796.69,6,3,3,4780.12,2482.12,,,,,,,,,,,,,35.4,6,212.4,,,,164,6,983.99,112.1,3,336.3,13.35,46,613.96,,,335.47,111.82
IN,03/25/2024,09/24/2024,B0BY4RY4JS,B0BY4RY4JS,,calf_G_L/XL FBA,INR,499,6,0,6,2994,2994,16.52,6,99.12,56.05,6,336.3,16.52,6,99.12,,,,14.16,6,84.96,2.48,20,49.5679,56.73,6,340.39,,,,14.77,52,767.87,,,1315.7921,219.3
IN,03/25/2024,09/24/2024,B0D5489TQB,B0BTPR9MFN,,Crew_Length-Socks_L/XL_Grey&Black_Combo,INR,502.96,6,0,6,3017.76,3017.76,,,,,,,,,,,,,12.98,6,77.88,,,,83.32,6,499.9,,,,18.31,80,1464.5,,,975.48,162.58
IN,03/25/2024,09/24/2024,B0C85P6LCL,B0C85P6LCL,,GB-AL-ME-L/XL,INR,495.66,6,0,6,2973.97,2973.97,,,,,,,,,,,,,12.04,5,60.18,,,,74.56,5,372.82,,,,17.64,10,176.37,,,2364.6,394.1
IN,03/25/2024,09/24/2024,B0C85LFN6N,B0C85LFN6N,,TAL,INR,408.34,6,0,6,2450.05,2450.05,,,,,,,,,,,,,11.21,6,67.26,,,,62.27,6,373.6,,,,17.56,33,579.45,,,1429.74,238.29
IN,03/25/2024,09/24/2024,B09CDJP25J,B09CDJP25J,,TKL-ME,INR,809.67,6,2,4,4858.01,3331.92,,,,,,,,,,,,,35.4,6,212.4,,,,171.41,6,1028.47,112.1,1,112.1,18.95,18,341.09,,,1637.86,409.46
IN,03/25/2024,09/24/2024,B09ZB828Z9,B09Y5FP3S1,,Anke Sock_Black_L/XL,INR,407.25,5,0,5,2036.24,2036.24,,,,,,,,,,,,,10.62,5,53.1,,,,48.53,5,242.67,,,,18.4,79,1453.33,,,287.14,57.43
IN,03/25/2024,09/24/2024,B0B1MVNMT1,B0B1MVNMT1,,Ankle Sock_Grey_S/M_NC,INR,439,5,0,5,2195,2195,,,,,,,,,,,,,10.62,5,53.1,,,,67.34,5,336.72,,,,16.9,47,794.28,,,1010.9,202.18
IN,03/25/2024,09/24/2024,B09JSDSL58,B09JSDSL58,,B09JSDSL58,INR,399,5,0,5,1995,1995,,,,,,,,,,,,,10.62,5,53.1,,,,56.1,5,280.48,,,,9.61,2,19.23,,,1642.19,328.44
IN,03/25/2024,09/24/2024,B09CDJGG25,B09CDJGG25,,B-KL,INR,703,5,0,5,3515,3515,,,,,,,,,,,,,35.4,5,177,,,,137.36,5,686.81,,,,15.16,88,1334.33,,,1316.86,263.37
IN,03/25/2024,09/24/2024,B09CDJGG25,B09CDJGG25,,B-KL-ME,INR,835.44,5,0,5,4177.18,4177.18,,,,,,,,,,,,,35.4,5,177,,,,168.83,5,844.16,,,,13.2,58,765.41,,,2390.61,478.12
IN,03/25/2024,09/24/2024,B0D4Z89JPQ,B09JSDSL58,,BT-AL,INR,516.08,5,2,3,2580.42,1582.42,,,,,,,,,,,,,11.33,5,56.64,,,,75.81,5,379.05,,,,15.38,24,369.23,,,777.5,259.17
IN,03/25/2024,09/24/2024,B0D5489TQB,B0BTPHHWCR,,Crew Length_Black_Sock_L/XL_FBA,INR,402.42,5,1,4,2012.1,1613.1,15.93,4,63.72,64.21,4,256.84,15.93,4,63.72,11.8,7,82.6,13.45,5,67.26,,,,63.75,5,318.75,,,,13.11,64,839.16,,,-15.23,-3.81
IN,03/25/2024,09/24/2024,B09CDMP5G4,B09CDMP5G4,,G-AL-ME,INR,413.77,5,2,3,2068.86,1270.86,,,,,,,,,,,,,11.33,5,56.64,,,,62.39,5,311.97,82.6,2,165.2,29.29,11,322.23,,,414.82,138.27
IN,03/25/2024,09/24/2024,B09JSFYQ2Y,B09JSFYQ2Y,,GAL TAL S/M,INR,499,5,1,4,2495,1996,,,,,,,,,,,,,10.62,5,53.1,,,,73.19,5,365.94,82.6,1,82.6,7.86,10,78.61,,,1415.75,353.94
IN,03/25/2024,09/24/2024,B09CDSL3T7,B09CDSL3T7,,TAL-ME_new,INR,379.26,5,2,3,1896.3,1198.3,,,,,,,,,,,,,12.74,5,63.72,,,,60.47,5,302.37,82.6,1,82.6,25.31,8,202.5,,,547.11,182.37
IN,03/25/2024,09/24/2024,B0C85LLL3W,B0C85LLL3W,,TKL,INR,813.73,5,0,5,4068.63,4068.63,,,,,,,,,,,,,35.4,5,177,,,,178.42,5,892.09,,,,18.32,32,586.14,,,2413.4,482.68
IN,03/25/2024,09/24/2024,B0BZPDKPSP,B0BK2JLH63,,Crew Length_Grey_L/XL,INR,407,4,1,3,1628.02,1229.02,,,,,,,,,,,,,12.39,4,49.56,,,,63.5,4,254.02,82.6,1,82.6,7.59,7,53.13,,,789.71,263.24
IN,03/25/2024,09/24/2024,B0BK2HJPJM,B0BK2HJPJM,,Crew Length_Grey_S/M,INR,399,4,1,3,1596,1197,,,,,,,,,,,,,11.5,4,46.02,,,,63.56,4,254.25,,,,14.77,87,1284.64,,,-387.91,-129.3
IN,03/25/2024,09/24/2024,B09CDMP5G4,B09CDMP5G4,,G-AL-ME_new,INR,377.05,4,0,4,1508.22,1508.22,,,,,,,,,,,,,10.62,4,42.48,,,,57.6,4,230.4,,,,21.68,29,628.76,,,606.58,151.64
IN,03/25/2024,09/24/2024,B0B1MWFGR9,B0B1MWFGR9,,Knee Sock_Black_L/XL_NC,INR,826.39,4,0,4,3305.58,3305.58,,,,,,,,,,,,,35.4,4,141.6,,,,178.13,4,712.51,,,,10.46,6,62.76,,,2388.71,597.18
IN,03/25/2024,09/24/2024,B09Y5DZ87B,B09Y5DZ87B,,Knee Sock_Gray_S/M_1,INR,799,4,0,4,3196,3196,,,,,,,,,,,,,35.4,4,141.6,,,,175.38,4,701.52,,,,,,,,,2352.88,588.22
IN,03/25/2024,09/24/2024,B0CNT8J27Z,B0CNSZNY85,,TEC S S,INR,315,4,3,1,1260,315,,,,,,,,,,,,,11.5,4,46.02,,,,41.75,4,166.99,82.6,2,165.2,12.52,5,62.6,,,-125.81,-125.81
IN,03/25/2024,09/24/2024,B0C85QR3BH,B0C85QR3BH,,TG-AL,INR,522.4,4,0,4,2089.62,2089.62,,,,,,,,,,,,,10.62,4,42.48,,,,75.97,4,303.9,,,,14.71,13,191.2,,,1552.04,388.01
IN,03/25/2024,09/24/2024,B0C9JBPV3W,B0C9JBPV3W,,Anke Sock_Black_L/XL_1,INR,399,3,0,3,1197,1197,,,,,,,,,,,,,11.8,3,35.4,,,,63.02,3,189.05,,,,16.39,7,114.72,,,857.83,285.94
IN,03/25/2024,09/24/2024,B09ZB828Z9,B0C85RRJJ2,,Anke Sock_Blue_L/XL,INR,402.67,3,0,3,1208.02,1208.02,,,,,,,,,,,,,10.62,3,31.86,,,,58.96,3,176.88,,,,16.22,61,989.15,,,10.13,3.38
IN,03/25/2024,09/24/2024,B09LHM8YNY,B09LHM8YNY,,BGAL S/M FBA,INR,498,3,0,3,1494,1494,16.52,3,49.56,62.54,3,187.62,16.52,3,49.56,,,,14.16,3,42.48,1.05,15,15.7333,72.52,3,217.55,,,,,,,,,981.0567,327.02
IN,03/25/2024,09/24/2024,B09LMGSBQF,B09LMGSBQF,,BG-KA_1,INR,1145.13,3,0,3,3435.3799,3435.3799,,,,,,,,,,,,,59.79,3,179.36,,,,238.78,3,716.33,,,,8.73,5,43.65,,,2496.0399,832.01
IN,03/25/2024,09/24/2024,B0D5457JSV,B0C6974GZ1,,BT-CS-L/XL,INR,1265.78,3,0,3,3797.34,3797.34,,,,,,,,,,,,,57.43,3,172.28,,,,274.01,3,822.03,,,,8.96,7,62.73,,,2740.3,913.43
IN,03/25/2024,09/24/2024,B0BY4WQL6B,B0BY4WQL6B,,calf_G_S/M FBA,INR,499,3,1,2,1497,998,16.52,2,33.04,74.34,2,148.68,16.52,2,33.04,,,,12.98,3,38.94,2.48,15,37.1759,54.86,3,164.59,82.6,1,82.6,15.71,89,1397.83,,,-904.8559,-452.43
IN,03/25/2024,09/24/2024,B0D5489TQB,B0BTPJ8YRH,,Crew Length_Grey_Socks_S/M_FBA,INR,399,3,0,3,1197,1197,16.13,3,48.38,48.77,3,146.32,16.13,3,48.38,11.8,16,188.8,14.16,3,42.48,,,,59.45,3,178.35,,,,14.55,4,58.19,,,534.48,178.16
IN,03/25/2024,09/24/2024,B09CDQYGGM,B09CDQYGGM,,GAL-ME,INR,398.05,3,2,1,1194.15,436.05,,,,,,,,,,,,,11.8,3,35.4,,,,61.28,3,183.85,,,,24.69,4,98.76,,,118.04,118.04
IN,03/25/2024,09/24/2024,B0B1MX5X3H,B0B1MX5X3H,,Knee Sock_Blue_S/M_NC,INR,799,3,0,3,2397,2397,,,,,,,,,,,,,35.4,3,106.2,,,,175.03,3,525.1,,,,18.29,91,1663.98,,,101.72,33.91
IN,03/25/2024,09/24/2024,B0BY4RWPG7,B0BY4RWPG7,,TAS_L/XL New,INR,465.67,3,0,3,1397,1397,,,,,,,,,,,,,10.62,3,31.86,,,,47.67,3,143,,,,15.04,27,405.96,,,816.18,272.06
IN,03/25/2024,09/24/2024,B0D56R1VYX,B0B8YZGYGM,,TG-AL-ME-L/XL,INR,514.37,3,0,3,1543.1,1543.1,,,,,,,,,,,,,10.62,3,31.86,,,,75.78,3,227.35,,,,16.08,12,192.98,,,1090.91,363.64
IN,03/25/2024,09/24/2024,B0CVB3VK2R,B0CNH42WXR,,TKC M_pair_FBA,INR,499,3,1,2,1497,998,16.52,1,16.52,74.34,1,74.34,16.52,1,16.52,11.8,25,295,11.8,3,35.4,,,,67.72,3,203.16,,,,21.51,16,344.22,,,29.36,14.68
IN,03/25/2024,09/24/2024,B09Y5D7RZW,B09Y5D7RZW,,Anke Sock_Black_L/XL_PO3,INR,920.4,2,0,2,1840.8,1840.8,,,,,,,,,,,,,35.4,2,70.8,,,,201.56,2,403.12,,,,12.62,7,88.31,,,1278.57,639.28
IN,03/25/2024,09/24/2024,B0C85M4XRT,B0C85M4XRT,,Anke Sock_Grey_L/XL_PO3,INR,876.33,2,0,2,1752.67,1752.67,,,,,,,,,,,,,35.4,2,70.8,,,,187.54,2,375.09,,,,15.16,10,151.64,,,1155.14,577.57
IN,03/25/2024,09/24/2024,B09Y5CVXP4,B09Y5CVXP4,,Anke Sock_Grey_S/M,INR,399,2,0,2,798,798,,,,,,,,,,,,,14.16,2,28.32,,,,70.62,2,141.24,,,,14.19,27,383.06,,,245.38,122.69
IN,03/25/2024,09/24/2024,B09Y5CVXP4,B09Y5CVXP4,,Anke Sock_Grey_S/M_FBA,INR,403.95,2,0,2,807.91,807.91,,,,,,,,,,,,,10.62,2,21.24,,,,57.76,2,115.52,,,,16.2,12,194.46,,,476.69,238.34
IN,03/25/2024,09/24/2024,B09CDQ6ZDL,B09CDQ6ZDL,,BAL,INR,408.5,2,0,2,817,817,,,,,,,,,,,,,12.39,2,24.78,,,,65.91,2,131.83,,,,15.4,6,92.38,,,568.01,284
IN,03/25/2024,09/24/2024,B0C9JBPV3W,B0C9JBPV3W,,BAL L/XL FBA,INR,416.76,2,0,2,833.52,833.52,,,,,,,,,,,,,10.62,1,10.62,,,,61.21,1,61.21,,,,4.54,1,4.54,,,757.15,378.57
IN,03/25/2024,09/24/2024,B0D5457JSV,B0C6DPMQVC,,BB-CS-L/XL,INR,1042.43,2,0,2,2084.86,2084.86,,,,,,,,,,,,,35.4,2,70.8,,,,210.77,2,421.55,,,,11.22,31,347.67,,,1244.84,622.42
IN,03/25/2024,09/24/2024,B0D5457JSV,B0C6DQWNFH,,BB-CS-S/M,INR,938.86,2,1,1,1877.72,879.72,,,,,,,,,,,,,35.4,2,70.8,,,,191.68,2,383.36,,,,9.38,11,103.23,,,322.33,322.33
IN,03/25/2024,09/24/2024,B0D5457JSV,B0C697SGYD,,BG-CS-L/XL,INR,998,2,1,1,1996,998,,,,,,,,,,,,,35.4,2,70.8,,,,223.75,2,447.5,112.1,1,112.1,16.07,23,369.69,,,-2.09,-2.09
IN,03/25/2024,09/24/2024,B09LMGSBQF,B09LMGSBQF,,BG-KA_FBA,INR,1158.84,2,0,2,2317.68,2317.68,,,,,,,,,,,,,53.69,2,107.38,,,,236.05,2,472.11,,,,19.39,80,1550.84,,,187.35,93.67
IN,03/25/2024,09/24/2024,B09LM24XCK,B09LM24XCK,,BG-KL_FBA,INR,1570.38,2,0,2,3140.76,3140.76,,,,,,,,,,,,,71.98,2,143.96,,,,336.08,2,672.16,,,,14.49,47,681.11,,,1643.53,821.76
IN,03/25/2024,09/24/2024,B0D56R1VYX,B0BXX9LP4P,,Black Sports _ Pack of 5,INR,1499,2,0,2,2998,2998,,,,,,,,,,,,,68.44,2,136.88,,,,336.08,2,672.16,,,,,,,,,2188.96,1094.48
IN,03/25/2024,09/24/2024,B0B8YX88KX,B0B8YX88KX,,BT-AL-ME-L/XL_FBA,INR,520.15,2,0,2,1040.3,1040.3,,,,,,,,,,,,,10.62,2,21.24,,,,72.33,2,144.67,,,,15.97,14,223.65,,,650.74,325.37
IN,03/25/2024,09/24/2024,B0D5489TQB,B0BTPJR7XJ,,Crew Length_Grey_Socks_L/XL,INR,418,2,1,1,836,437,,,,,,,,,,,,,10.62,2,21.24,,,,61.21,2,122.42,,,,10.98,16,175.76,,,117.58,117.58
IN,03/25/2024,09/24/2024,B0D5489TQB,B0BTPJR7XJ,,Crew Length_Grey_Socks_L/XL_FBA,INR,399,2,0,2,798,798,16.52,2,33.04,56.64,2,113.28,16.52,2,33.04,11.8,15,177,14.16,2,28.32,,,,61.21,2,122.42,,,,13.46,28,376.96,,,-53.02,-26.51
IN,03/25/2024,09/24/2024,B0D5489TQB,B0BTPR9MFN,,Crew_Length_L/XL_Grey&Black_Combo_FBA,INR,522.76,2,0,2,1045.52,1045.52,,,,,,,,,,,,,10.62,2,21.24,,,,64.77,2,129.54,,,,,,,,,894.74,447.37
IN,03/25/2024,09/24/2024,B0D5489TQB,B0BTPFXZY2,,Crew Length Socks_Black_S/M,INR,418,2,0,2,836,836,,,,,,,,,,,,,10.62,2,21.24,,,,61.21,2,122.42,,,,6.44,1,6.44,,,685.9,342.95
IN,03/25/2024,09/24/2024,B0D56R1VYX,B09CDMP5G4,,G-AL,INR,349,2,0,2,698,698,,,,,,,,,,,,,10.62,2,21.24,,,,53.54,2,107.08,,,,17.22,20,344.5,,,225.18,112.59
IN,03/25/2024,09/24/2024,B0D56R1VYX,B0B8YZGYGM,,GAL TAL L/XL FBA,INR,509.81,2,0,2,1019.63,1019.63,,,,,,,,,,,,,12.39,2,24.78,,,,68.53,2,137.07,,,,10.69,3,32.06,,,825.72,412.86
IN,03/25/2024,09/24/2024,B09LHM8YNY,B09LHM8YNY,,GB-AL-ME FBA,INR,497.5,2,0,2,995,995,,,,,,,,,,,,,10.62,2,21.24,,,,74.32,2,148.65,,,,,,,,,825.11,412.55
IN,03/25/2024,09/24/2024,B0BY4RY4JS,B0BY4RY4JS,,GCS_L/XL,INR,499,2,1,1,998,499,,,,,,,,,,,,,10.62,2,21.24,,,,48.84,2,97.69,82.6,1,82.6,15.86,11,174.47,,,123,123
IN,03/25/2024,09/24/2024,B0D53WL71G,B0C85KL2K5,,GKL-L/Xl-FBA,INR,799,2,1,1,1598,799,,,,,,,,,,,,,35.4,2,70.8,1.81,10,18.1203,157.63,2,315.27,112.1,1,112.1,13.18,4,52.71,,,229.9997,230
IN,03/25/2024,09/24/2024,B0D541ZKYL,B0B693FGM6,,Knee and Ankle_L/XL combo_FBA,INR,1129,2,0,2,2258,2258,,,,,,,,,,,,,70.21,2,140.42,,,,253.12,2,506.24,,,,10.02,15,150.25,,,1461.09,730.54
IN,03/25/2024,09/24/2024,B0B1MWGM5Q,B0B1MWGM5Q,,Knee Sock_Black_S/M FBA,INR,719,2,0,2,1438,1438,,,,,,,,,,,,,35.4,2,70.8,,,,153.33,2,306.67,,,,14.67,1,14.67,,,1045.86,522.93
IN,03/25/2024,09/24/2024,B09CDLGTQ2,B09CDLGTQ2,,T-AL-ME_new,INR,390.15,2,1,1,780.3,431.3,,,,,,,,,,,,,10.62,2,21.24,,,,54.69,2,109.39,82.6,1,82.6,16.68,24,400.42,,,-182.35,-182.35
IN,03/25/2024,09/24/2024,B09CDLGTQ2,B09CDLGTQ2,,TAL S/M FBA,INR,399,2,0,2,798,798,16.52,2,33.04,74.34,2,148.68,16.52,2,33.04,11.8,33,389.4,14.16,2,28.32,,,,61.21,2,122.42,,,,8.43,4,33.71,,,42.43,21.21
IN,03/25/2024,09/24/2024,B0D92165QK,B0D91ZSRVL,,TKC L Blue2,INR,499,2,0,2,998,998,,,,,,,,,,,,,10.62,2,21.24,,,,66.02,2,132.05,,,,,,,,,844.71,422.35
IN,03/25/2024,09/24/2024,B0D92165QK,B0CNH32THD,,TKC XL,INR,499,2,1,1,998,499,,,,,,,,,,,,,10.62,2,21.24,,,,66.83,2,133.67,82.6,1,82.6,16.21,8,129.7,,,131.79,131.79
IN,03/25/2024,09/24/2024,B09Y5D7RZW,B09Y5D7RZW,,2B-2P58-1W34,INR,933.24,1,0,1,933.24,933.24,,,,,,,,,,,,,35.4,1,35.4,,,,181.4,1,181.4,,,,,,,,,716.44,716.44
IN,03/25/2024,09/24/2024,B09Y5F44PX,B09Y5F44PX,,Anke Sock_Black_Grey_Blue_S/M_PO3,INR,941.81,1,0,1,941.81,941.81,,,,,,,,,,,,,35.4,1,35.4,,,,201.56,1,201.56,,,,17.57,56,983.98,,,-279.13,-279.13
IN,03/25/2024,09/24/2024,B09Y5F44PX,B09Y5F44PX,,Anke Sock_Black_Grey_Blue_S/M_PO3_1,INR,941.8,1,0,1,941.8,941.8,,,,,,,,,,,,,35.4,1,35.4,,,,201.56,1,201.56,,,,16.36,3,49.09,,,655.75,655.75
IN,03/25/2024,09/24/2024,B09Y5F44PX,B09Y5F44PX,,Anke Sock_Black_Grey_Blue_S/M_PO3_FBA,INR,940.39,1,0,1,940.39,940.39,,,,,,,,,,,,,35.4,1,35.4,,,,198.19,1,198.19,,,,11.55,19,219.4,,,487.4,487.4
IN,03/25/2024,09/24/2024,B0C85W4TDM,B0C85W4TDM,,Anke Sock_Blue_S/M,INR,416.1,1,0,1,416.1,416.1,,,,,,,,,,,,,10.62,1,10.62,,,,58.15,1,58.15,,,,12.31,8,98.5,,,248.83,248.83
IN,03/25/2024,09/24/2024,B0CV3VVQLX,B0B1MWZ21J,,Ankle Sock_Blue_L/XL_NC_FBA,INR,397.1,1,0,1,397.1,397.1,,,,,,,,,,,,,10.62,1,10.62,,,,55.08,1,55.08,,,,17.51,78,1365.49,,,-1034.09,-1034.09
IN,03/25/2024,09/24/2024,B0B1MWV2D3,B0B1MWV2D3,,Ankle Sock_Blue_S/M_NC_FBA,INR,399,1,0,1,399,399,,,,,,,,,,,,,14.16,1,14.16,,,,70.62,1,70.62,,,,,,,,,314.22,314.22
IN,03/25/2024,09/24/2024,B0B1MXHW4H,B0B1MXHW4H,,Ankle Sock_Grey_L/XL_NC_FBA,INR,379,1,0,1,379,379,,,,,,,,,,,,,10.62,1,10.62,,,,55.84,1,55.84,,,,14.8,15,222.05,,,90.49,90.49
IN,03/25/2024,09/24/2024,B09Y5DZR1B,B09Y5DZR1B,,AO-6GM4-HZFN,INR,413.62,1,0,1,413.62,413.62,,,,,,,,,,,,,10.62,1,10.62,,,,54.16,1,54.16,,,,,,,,,348.84,348.84
IN,03/25/2024,09/24/2024,B0C85NFZKR,B0C85NFZKR,,B-AL,INR,418,1,0,1,418,418,,,,,,,,,,,,,10.62,1,10.62,,,,61.21,1,61.21,,,,15.42,26,401.01,,,-54.84,-54.84
IN,03/25/2024,09/24/2024,B0C85P9L7Q,B0C85P9L7Q,,B--AL,INR,836,1,0,1,836,836,,,,,,,,,,,,,35.4,1,35.4,,,,178.91,1,178.91,,,,19.8,9,178.24,,,443.45,443.45
IN,03/25/2024,09/24/2024,B0C85LGYMG,B0C85LGYMG,,BT-KL,INR,1570.38,1,1,0,1570.38,71.38,,,,,,,,,,,,,71.98,1,71.98,,,,336.08,1,336.08,153.4,1,153.4,15.38,15,230.72,,,-720.8,
IN,03/25/2024,09/24/2024,B0BK2BSLK7,B0BK2BSLK7,,Crew Length_Blue_L/XL,INR,399,1,0,1,399,399,,,,,,,,,,,,,14.16,1,14.16,,,,70.62,1,70.62,,,,,,,,,314.22,314.22
IN,03/25/2024,09/24/2024,B0BZPDKPSP,B0BTPFXZY2,,Crew Length Socks_Black_S/M_FBA,INR,399,1,0,1,399,399,15.34,1,15.34,71.98,1,71.98,15.34,1,15.34,11.8,16,188.8,14.16,1,14.16,,,,70.62,1,70.62,,,,14.79,103,1523.33,,,-1485.23,-1485.23
IN,03/25/2024,09/24/2024,B0D53RNKX9,B0D4ZB31LQ,,CricketKit_Black_S/M,INR,1199,1,0,1,1199,1199,,,,,,,,,,,,,71.98,1,71.98,,,,114.25,1,114.25,,,,10.66,45,479.89,,,532.88,532.88
IN,03/25/2024,09/24/2024,B0D5457JSV,B0C6DMSY9D,,GG-CS-L/XL,INR,998,1,0,1,998,998,,,,,,,,,,,,,35.4,1,35.4,,,,135.43,1,135.43,,,,12.65,18,227.63,,,599.54,599.54
IN,03/25/2024,09/24/2024,B0C85KL2K5,B0C85KL2K5,,GKL-L/Xl,INR,799,1,0,1,799,799,,,,,,,,,,,,,35.4,1,35.4,,,,175.55,1,175.55,,,,,,,,,588.05,588.05
IN,03/25/2024,09/24/2024,B0B9S2PYWM,B0C85NK9VR,,Knee and Ankle_L/XL combo,INR,1073,1,0,1,1073,1073,,,,,,,,,,,,,71.98,1,71.98,,,,240.57,1,240.57,,,,35.82,2,71.65,,,688.8,688.8
IN,03/25/2024,09/24/2024,B0D548TLJB,B0C85MRCKN,,Knee Sock_Black_Grey_Blue_Universal_PO3,INR,2299,1,0,1,2299,2299,,,,,,,,,,,,,71.98,1,71.98,,,,463.89,1,463.89,,,,11.19,14,156.72,,,1606.41,1606.41
IN,03/25/2024,09/24/2024,B09Y5DZZHM,B09Y5DZZHM,,Knee Sock_Blue_S/M,INR,799,1,0,1,799,799,,,,,,,,,,,,,35.4,1,35.4,,,,175.77,1,175.77,,,,,,,,,587.83,587.83
IN,03/25/2024,09/24/2024,B0CY9C8RN2,B0CV3V4JZ1,,TBCL_packof2_L/XL,INR,498.29,1,0,1,498.29,498.29,,,,,,,,,,,,,14.16,1,14.16,,,,85.67,1,85.67,,,,,,,,,398.46,398.46
IN,03/25/2024,09/24/2024,B0CNVRMX9P,B0CNVMRXNP,,TEC M pair_FBA,INR,499,1,0,1,499,499,16.52,1,16.52,49.56,1,49.56,16.52,1,16.52,11.8,27,318.6,14.16,1,14.16,,,,67.72,1,67.72,,,,22,26,571.9,,,-539.46,-539.46
IN,03/25/2024,09/24/2024,B0CNVRMX9P,B0CNVL16X6,,TEC S pair_FBA,INR,499,1,0,1,499,499,16.52,1,16.52,74.34,1,74.34,16.52,1,16.52,11.8,27,318.6,14.16,1,14.16,,,,64.33,1,64.33,,,,,0,0,,,11.05,11.05
IN,03/25/2024,09/24/2024,B0CNVRMX9P,B0CNVKBKDW,,TEC XL pair,INR,499,1,1,0,499,0,,,,,,,,,,,,,10.62,1,10.62,,,,64.33,1,64.33,82.6,1,82.6,15.55,8,124.41,,,-281.96,
IN,03/25/2024,09/24/2024,B0CNVRMX9P,B0CNVKBKDW,,TEC XL pair_FBA,INR,499,1,0,1,499,499,16.52,1,16.52,74.34,1,74.34,16.52,1,16.52,11.8,26,306.8,14.16,1,14.16,,,,67.72,1,67.72,,,,,,,,,19.46,19.46
IN,03/25/2024,09/24/2024,B0D56R1VYX,B0B8YZGYGM,,TG-AL-ME-L/XL_FBA,INR,522.76,1,0,1,522.76,522.76,,,,,,,,,,,,,10.62,1,10.62,,,,64.77,1,64.77,,,,8.42,4,33.67,,,413.7,413.7
IN,03/25/2024,09/24/2024,B0CY9C8RN2,B0CV3T4WYC,,TGCL_packof2_S/M,INR,499,1,0,1,499,499,,,,,,,,,,,,,14.16,1,14.16,,,,76.55,1,76.55,,,,,,,,,408.29,408.29
IN,03/25/2024,09/24/2024,B0D92165QK,B0D9216RXN,,TKC L Grey2,INR,499,1,0,1,499,499,,,,,,,,,,,,,10.62,1,10.62,,,,64.19,1,64.19,,,,,,,,,424.19,424.19
IN,03/25/2024,09/24/2024,B0D92165QK,B0CNH42WXR,,TKC M,INR,499,1,0,1,499,499,,,,,,,,,,,,,10.62,1,10.62,,,,62.29,1,62.29,,,,14.55,8,116.41,,,309.68,309.68
IN,03/25/2024,09/24/2024,B0D92165QK,B0D91ZQFTJ,,TKC M Grey2,INR,499,1,0,1,499,499,,,,,,,,,,,,,10.62,1,10.62,,,,67.72,1,67.72,,,,,,,,,420.66,420.66
IN,03/25/2024,09/24/2024,B0D92165QK,B0CNH32THD,,TKC XL_Pair_FBA,INR,499,1,0,1,499,499,16.52,1,16.52,74.34,1,74.34,16.52,1,16.52,11.8,29,342.2,14.16,1,14.16,,,,64.33,1,64.33,,,,12.32,20,246.42,,,-258.97,-258.97
IN,03/25/2024,09/24/2024,B09CDPY2XB,B09CDPY2XB,,T-KL-ME,INR,799,1,0,1,799,799,,,,,,,,,,,,,35.4,1,35.4,,,,179.14,1,179.14,,,,7.88,10,78.83,,,505.63,505.63
IN,03/25/2024,09/24/2024,B0C6DKV3VQ,B0C6DKV3VQ,,TT-AS-S/M,INR,816.1,1,0,1,816.1,816.1,,,,,,,,,,,,,35.4,1,35.4,,,,170.06,1,170.06,,,,,,,,,610.64,610.64
IN,03/25/2024,09/24/2024,B09Y5D7RZW,B09Y5D7RZW,,Anke Sock_Black_L/XL_PO3_FBA,INR,0,0,0,0,0,0,,,,,,,,,,,,,,,,,,,,,,,,,13.64,9,122.75,,,-122.75,
IN,03/25/2024,09/24/2024,B09Y5D2SGS,B09Y5D2SGS,,Anke Sock_Blue_S/M_PO3,INR,0,0,0,0,0,0,,,,,,,,,,,,,,,,,,,,,,,,,13.03,9,117.24,,,-117.24,
IN,03/25/2024,09/24/2024,B09Y5KYF71,B09Y5KYF71,,Anke Sock_Grey_L/XL_1,INR,0,0,0,0,0,0,,,,,,,,,,,,,,,,,,,,,,,,,21.84,10,218.45,,,-218.45,
IN,03/25/2024,09/24/2024,B09Y5DRLC5,B09Y5DRLC5,,Anke Sock_Grey_L/XL_PO3_FBA,INR,0,0,0,0,0,0,,,,,,,,,,,,,,,,,,,,,,,,,16.44,14,230.17,,,-230.17,
IN,03/25/2024,09/24/2024,B09Y5GN4MK,B09Y5GN4MK,,Anke Sock_Grey_S/M_PO3,INR,0,0,0,0,0,0,,,,,,,,,,,,,,,,,,,,,,,,,16.62,14,232.69,,,-232.69,
IN,03/25/2024,09/24/2024,B0B1MWQVSQ,B0B1MWQVSQ,,Ankle Sock_Black_L/XL_NC,INR,0,0,0,0,0,0,,,,,,,,,,,,,,,,,,,,,,,,,17.4,6,104.41,,,-104.41,
IN,03/25/2024,09/24/2024,B0B1MWQVSQ,B0B1MWQVSQ,,Ankle Sock_Black_L/XL_NC_FBA,INR,0,0,0,0,0,0,,,,,,,,,,,,,,,,,,,,,,,,,14.3,13,185.87,,,-185.87,
IN,03/25/2024,09/24/2024,B0CV3VVQLX,B0B1MTTCF8,,Ankle Sock_Black_S/M_NC,INR,0,0,0,0,0,0,,,,,,,,,,,,,,,,,,,,,,,,,11.48,2,22.97,,,-22.97,
IN,03/25/2024,09/24/2024,B0CV3VVQLX,B0B1MWZ21J,,Ankle Sock_Blue_L/XL_NC,INR,0,0,0,0,0,0,,,,,,,,,,,,,,,,,,,,,,,,,21.12,4,84.5,,,-84.5,
IN,03/25/2024,09/24/2024,B0B1MWV2D3,B0B1MWV2D3,,Ankle Sock_Blue_S/M_NC,INR,0,0,0,0,0,0,,,,,,,,,,,,,,,,,,,,,,,,,16.79,12,201.51,,,-201.51,
IN,03/25/2024,09/24/2024,B0B1MXHW4H,B0B1MXHW4H,,Ankle Sock_Grey_L/XL_NC,INR,0,0,0,0,0,0,,,,,,,,,,,,,,,,,,,,,,,,,,,,,,0,
IN,03/25/2024,09/24/2024,B0BY4NBTD6,B0BY4NBTD6,,Arm_T_S/SM,INR,0,0,0,0,0,0,,,,,,,,,,,,,,,,,,,,,,,,,,,,,,0,0
IN,03/25/2024,09/24/2024,B09CDL826Y,B09CDL826Y,,B-AL-ME,INR,0,0,0,0,0,0,,,,,,,,,,,,,,,,,,,,,,,,,,,,,,0,0
IN,03/25/2024,09/24/2024,B09CDQ6ZDL,B09CDQ6ZDL,,BAL-ME,INR,0,0,0,0,0,0,,,,,,,,,,,,,,,,,,,,,,,,,,,,,,0,0
IN,03/25/2024,09/24/2024,B09CDL826Y,B09CDL826Y,,B-AL-ME_new,INR,0,0,0,0,0,0,,,,,,,,,,,,,,,,,,,,,,,,,,,,,,0,0
IN,03/25/2024,09/24/2024,B0D541ZKYL,B09LHJFMKP,,BB-KA,INR,0,0,0,0,0,0,,,,,,,,,,,,,,,,,,,,,,,,,11.83,15,177.4,,,-177.4,
IN,03/25/2024,09/24/2024,B0D5457JSV,B0C69B4D3K,,BG-CS-S/M,INR,0,0,0,0,0,0,,,,,,,,,,,,,,,,,,,,,,,,,15.74,62,975.8,,,-975.8,
IN,03/25/2024,09/24/2024,B0D541ZKYL,B09LMGSBQF,,BG-KA,INR,0,0,0,0,0,0,,,,,,,,,,,,,,,,,,,,,,,,,18.91,4,75.64,,,-75.64,
IN,03/25/2024,09/24/2024,B09LM24XCK,B09LM24XCK,,BG-KL,INR,0,0,0,0,0,0,,,,,,,,,,,,,,,,,,,,,,,,,17.27,7,120.87,,,-120.87,
IN,03/25/2024,09/24/2024,B0D548TLJB,B0BXX41GQ6,,Black _ pack of 5,INR,0,0,0,0,0,0,,,,,,,,,,,,,,,,,,,,,,,,,,,,,,0,0
IN,03/25/2024,09/24/2024,B0D5489TQB,B0BXXF61YM,,Crew_Black_S/M_Pack of 5,INR,0,0,0,0,0,0,,,,,,,,,,,,,,,,,,,,,,,,,11.89,6,71.32,,,-71.32,
IN,03/25/2024,09/24/2024,B0D5489TQB,B0C85LRLD5,,Crew_Grey_S/M_Pack of 5,INR,0,0,0,0,0,0,,,,,,,,,,,,,,,,,,,,,,,,,,0,0,,,0,
IN,03/25/2024,09/24/2024,B0D5489TQB,B0BTPHHWCR,,Crew Length_Black_Sock_L/XL,INR,0,0,0,0,0,0,,,,,,,,,,,,,,,,,,,,,,,,,15.57,4,62.27,,,-62.27,
IN,03/25/2024,09/24/2024,B0C85T4P4D,B0C85T4P4D,,Crew Length_Blue_S/M,INR,0,0,0,0,0,0,,,,,,,,,,,,,,,,,,,,,,,,,,,,,,0,0
IN,03/25/2024,09/24/2024,B0D5489TQB,B0BTPJ8YRH,,Crew Length_Grey_Socks_S/M,INR,0,0,0,0,0,0,,,,,,,,,,,,,,,,,,,,,,,,,,0,0,,,0,
IN,03/25/2024,09/24/2024,B0D5489TQB,B0BTPTFDWM,,Crew_Length_S/M_Grey&Black_Combo_FBA,INR,0,0,0,0,0,0,,,,,,,,,,,,,,,,,,,,,,,,,12.81,2,25.62,,,-25.62,
IN,03/25/2024,09/24/2024,B0D5489TQB,B0BTPTFDWM,,Crew_Length-Socks_S/M_Grey&Black_Combo,INR,0,0,0,0,0,0,,,,,,,,,,,,,,,,,,,,,,,,,10.48,11,115.26,,,-115.26,
IN,03/25/2024,09/24/2024,B0D56R1VYX,B09CDMP5G4,,GAL S/M FBA,INR,0,0,2,-2,0,-798,,,,,,,,,,,,,,,,,,,,,,82.6,2,165.2,,,,,,-963.2,481.6
IN,03/25/2024,09/24/2024,B0D5457JSV,B0C6DNXK89,,GG-CS-S/M,INR,0,0,0,0,0,0,,,,,,,,,,,,,,,,,,,,,,,,,13.95,40,557.9,,,-557.9,
IN,03/25/2024,09/24/2024,B0D53WL71G,B0C85KL2K5,,GKL,INR,0,0,0,0,0,0,,,,,,,,,,,,,,,,,,,,,,,,,,,,,,0,0
IN,03/25/2024,09/24/2024,B09CDN87WM,B09CDN87WM,,G-KL,INR,0,0,0,0,0,0,,,,,,,,,,,,,,,,,,,,,,,,,20.22,16,323.6,,,-323.6,
IN,03/25/2024,09/24/2024,B09LMC4VY5,B09LMC4VY5,,GT-KA,INR,0,0,0,0,0,0,,,,,,,,,,,,,,,,,,,,,,,,,12.08,7,84.57,,,-84.57,
IN,03/25/2024,09/24/2024,B09JSGSZCQ,B09JSGSZCQ,,GT-KL,INR,0,0,0,0,0,0,,,,,,,,,,,,,,,,,,,,,,,,,30.75,11,338.21,,,-338.21,
IN,03/25/2024,09/24/2024,B09JSGSZCQ,B09JSGSZCQ,,GT-KL_1,INR,0,0,0,0,0,0,,,,,,,,,,,,,,,,,,,,,,,,,18.29,6,109.72,,,-109.72,
IN,03/25/2024,09/24/2024,B0B697XSYH,B0B697XSYH,,Knee sock_Blue_L/XL,INR,0,0,0,0,0,0,,,,,,,,,,,,,,,,,,,,,,,,,8.39,4,33.55,,,-33.55,
IN,03/25/2024,09/24/2024,B0B1MXBJ4J,B0B1MXBJ4J,,Knee Sock_Gray_S/M_NC,INR,0,0,0,0,0,0,,,,,,,,,,,,,,,,,,,,,,,,,9.21,5,46.06,,,-46.06,
IN,03/25/2024,09/24/2024,B0CK2FCNRK,B0CK2FCNRK,,N6-UPYV-69IB,INR,0,0,0,0,0,0,,,,,,,,,,,,,,,,,,,,,,,,,,,,,,0,0
IN,03/25/2024,09/24/2024,B09Y5GPFRT,B09Y5GPFRT,,RH-TUOV-90FG,INR,0,0,0,0,0,0,,,,,,,,,,,,,,,,,,,,,,,,,,,,,,0,0
IN,03/25/2024,09/24/2024,B0B9S2PYWM,B0B6955M94,,Sock_Black_S/M_NC-B-Al-ME_Combo,INR,0,0,0,0,0,0,,,,,,,,,,,,,,,,,,,,,,,,,13.04,53,691.34,,,-691.34,
IN,03/25/2024,09/24/2024,B0D53TFG44,B09CDLGTQ2,,T-AL,INR,0,0,0,0,0,0,,,,,,,,,,,,,,,,,,,,,,,,,,,,,,0,0
IN,03/25/2024,09/24/2024,B0D53TFG44,B09CDLGTQ2,,T-AL-ME,INR,0,0,0,0,0,0,,,,,,,,,,,,,,,,,,,,,,,,,,,,,,0,0
IN,03/25/2024,09/24/2024,B0CNVKYM57,B0CNVKYM57,,TEC L pair,INR,0,0,0,0,0,0,,,,,,,,,,,,,,,,,,,,,,,,,,,,,,0,0
IN,03/25/2024,09/24/2024,B0CNVRMX9P,B0CNVMRXNP,,TEC M pair,INR,0,0,0,0,0,0,,,,,,,,,,,,,,,,,,,,,,,,,,,,,,0,0
IN,03/25/2024,09/24/2024,B0D5457JSV,B0C697NS7B,,TG-CS-L/XL,INR,0,0,0,0,0,0,,,,,,,,,,,,,,,,,,,,,,,,,12.94,30,388.11,,,-388.11,
IN,03/25/2024,09/24/2024,B0D5457JSV,B0C697GTFY,,TG-CS-S/M,INR,0,0,0,0,0,0,,,,,,,,,,,,,,,,,,,,,,,,,13.75,33,453.86,,,-453.86,
IN,03/25/2024,09/24/2024,B09CDPY2XB,B09CDPY2XB,,T-KL,INR,0,0,0,0,0,0,,,,,,,,,,,,,,,,,,,,,,,,,33.95,9,305.52,,,-305.52,
IN,03/25/2024,09/24/2024,B0D5457JSV,B0C6DMB24R,,TT-CS-L/XL,INR,0,0,0,0,0,0,,,,,,,,,,,,,,,,,,,,,,,,,20.69,18,372.48,,,-372.48,
IN,03/25/2024,09/24/2024,B0D5457JSV,B0C6DP2L7Y,,TT-CS-S/M,INR,0,0,0,0,0,0,,,,,,,,,,,,,,,,,,,,,,,,,9.36,24,224.6,,,-224.6,
IN,03/25/2024,09/24/2024,B09Y5F2Y1K,B09Y5F2Y1K,,ZB-7BBN-ASJ5,INR,0,0,0,0,0,0,,,,,,,,,,,,,,,,,,,,,,,,,,,,,,0,0